epoch,dice_coef,iou,loss,lr,precision,recall,val_dice_coef,val_iou,val_loss,val_precision,val_recall
0,0.3171873390674591,0.2434457540512085,0.8330957889556885,1e-04,0.28441479802131653,0.672383725643158,0.2757573425769806,9.641864390230737e-11,0.823632001876831,0.0,0.0
